Menu Name,Category,Ingredient/Step,Amount
ขนมช่อม่วงไส้หมู,ส่วนผสมตัวแป้ง,แป้งข้าวเจ้า,180 กรัม
ขนมช่อม่วงไส้หมู,ส่วนผสมตัวแป้ง,แป้งท้าวยายม่อม,160 กรัม
ขนมช่อม่วงไส้หมู,ส่วนผสมตัวแป้ง,กะทิ,240 มิลลิลิตร
ขนมช่อม่วงไส้หมู,ส่วนผสมตัวแป้ง,น้ำสะอาด,240 มิลลิลิตร
ขนมช่อม่วงไส้หมู,ส่วนผสมตัวแป้ง,น้ำดอกอัญชัญ,1 ถ้วยตวง (น้ำเปล่า 1 ถ้วย + ดอกอัญชัญ 15-20 ดอก)
ขนมช่อม่วงไส้หมู,ส่วนผสมตัวแป้ง,น้ำมะนาว,1 ฝา
ขนมช่อม่วงไส้หมู,ส่วนผสมตัวแป้ง,น้ำมันพืช,2+1/2 ช้อนโต๊ะ
ขนมช่อม่วงไส้หมู,ส่วนผสมไส้หมู,หมูสับติดมัน,300 กรัม
ขนมช่อม่วงไส้หมู,ส่วนผสมไส้หมู,หัวไชโป๊วหวาน(สับละเอียด),1 ถ้วยตวง
ขนมช่อม่วงไส้หมู,ส่วนผสมไส้หมู,ถั่วลิสงคั่ว(โขลกหยาบ),½ ถ้วยตวง
ขนมช่อม่วงไส้หมู,ส่วนผสมไส้หมู,สามเกลอ(โขลกละเอียด),1 ช้อนโต๊ะ
ขนมช่อม่วงไส้หมู,ส่วนผสมไส้หมู,หอมแดง(สับละเอียด),½ ถ้วยตวง
ขนมช่อม่วงไส้หมู,ส่วนผสมไส้หมู,น้ำตาลปี๊บ,150 กรัม
ขนมช่อม่วงไส้หมู,ส่วนผสมไส้หมู,น้ำปลา,1 ช้อนโต๊ะ
ขนมช่อม่วงไส้หมู,ส่วนผสมไส้หมู,น้ำมันพืช,1 ช้อนโต๊ะ
ขนมช่อม่วงไส้หมู,วิธีทำ,"1. นำแป้งข้าวเจ้าและแป้งท้าวยายม่อมมาผสมให้เข้ากัน ในกระทะทองเหลือง ใส่น้ำสะอาดลงไปนวดประมาน 5 นาที",-
ขนมช่อม่วงไส้หมู,วิธีทำ,"2. ผสมน้ำอัญชันกับน้ำมะนาว(น้ำมะนาวจะไปทำปฏิกิริยากับน้ำอัญชันทำให้อัญชันเป็นสีม่วง) นำไปใส่ในแป้งตามด้วยกะทิ และน้ำมันพืช คนให้เข้ากัน",-
ขนมช่อม่วงไส้หมู,วิธีทำ,"3. นำไปตั้งไปกลาง กวนจนแป้งเกือบสุก (สังเกตจากแตะที่แป้งแล้วแป้งไม่ติดมือถือว่าใช้ได้) ปิดไฟพักให้เย็น",-
ขนมช่อม่วงไส้หมู,วิธีทำ,"4. ตั้งกระทะไฟกลางใส่น้ำมันจนร้อน ตามด้วยสามเกลอ และหอมแดงลงไปผัดให้หอม ใส่หมูสับผัดให้หมูสุก",-
ขนมช่อม่วงไส้หมู,วิธีทำ,"5. ใส่ไชโป๊วสับ น้ำตาลปี๊บ น้ำปลา ผัดจนน้ำตาลปี๊บละลาย ใส่ถั่วลิสงลงไปผัดให้เข้ากัน ปิดไฟ พักให้เย็น",-
ขนมช่อม่วงไส้หมู,วิธีทำ,"6. เมื่อทิ้งให้ตัวไส้เย็น นำมาปั้นเป็นก้อนกลม นำตัวแป้งมาห่อให้มิดตัวไส้ ใช้ที่หนีบจับเป็นกลีบดอกไม้ให้สวยงาม",-
ขนมช่อม่วงไส้หมู,วิธีทำ,"7. นำช่อม่วงไปนึ่งในน้ำเดือด(ไฟกลาง) นึ่งประมาน 5 นาที (ก่อนนึ่งฉีดน้ำพรมให้ทั่วขนมเพื่อไม่ให้แห้ง)",-
ขนมช่อม่วงไส้หมู,วิธีทำ,"8. เมื่อช่อม่วงสุกแล้วนำไปจัดเรียงใส่จาน โรยกระเทียมเจียว ทานคู่ผักกาดหอม ผักชีและพริกขี้หนูสวน",-
ข้าวเกรียบปากหม้อ,ส่วนผสมไส้,กระเทียมไทย (สามเกลอ),1 ช้อนโต๊ะ
ข้าวเกรียบปากหม้อ,ส่วนผสมไส้,รากผักชี (สามเกลอ),3 ราก
ข้าวเกรียบปากหม้อ,ส่วนผสมไส้,พริกไทยขาวเม็ด (สามเกลอ),1 ช้อนชา
ข้าวเกรียบปากหม้อ,ส่วนผสมไส้,หอมแดงสับ,50 กรัม
ข้าวเกรียบปากหม้อ,ส่วนผสมไส้,ไชโป้วหวานสับ,250 กรัม
ข้าวเกรียบปากหม้อ,ส่วนผสมไส้,หมูสับ,150 กรัม
ข้าวเกรียบปากหม้อ,ส่วนผสมไส้,น้ำตาลมะพร้าว,250 กรัม
ข้าวเกรียบปากหม้อ,ส่วนผสมไส้,ซีอิ๊วขาว,1 ช้อนโต๊ะ
ข้าวเกรียบปากหม้อ,ส่วนผสมไส้,ถั่วลิสงคั่วป่น,150 กรัม
ข้าวเกรียบปากหม้อ,ส่วนผสมไส้,น้ำมันกระเทียมเจียว,3 ช้อนโต๊ะ
ข้าวเกรียบปากหม้อ,ส่วนผสมตัวแป้ง (ต่อ 1 สี),แป้งข้าวเจ้า,55 กรัม / 1/2 ถ้วยตวง
ข้าวเกรียบปากหม้อ,ส่วนผสมตัวแป้ง (ต่อ 1 สี),แป้งมัน,2 ช้อนโต๊ะ
ข้าวเกรียบปากหม้อ,ส่วนผสมตัวแป้ง (ต่อ 1 สี),แป้งท้าว,1 ช้อนโต๊ะ
ข้าวเกรียบปากหม้อ,ส่วนผสมตัวแป้ง (ต่อ 1 สี),น้ำเปล่า/น้ำใบเตย/น้ำอัญชัญ,200 ml
ข้าวเกรียบปากหม้อ,ส่วนผสมกะทิราด,หัวกะทิ,150 กรัม
ข้าวเกรียบปากหม้อ,ส่วนผสมกะทิราด,แป้งข้าวเจ้า,1 ช้อนชา
ข้าวเกรียบปากหม้อ,ส่วนผสมกะทิราด,เกลือป่น,1/8 ช้อนชา
ข้าวเกรียบปากหม้อ,เครื่องเคียง,ผักกาดหอม,-
ข้าวเกรียบปากหม้อ,เครื่องเคียง,พริกสด,-
ข้าวเกรียบปากหม้อ,เครื่องเคียง,กระเทียมเจียว,-
ส้มตำไทยกระทงทอง,วัตถุดิบหลัก,มะละกอดิบสับ,-
ส้มตำไทยกระทงทอง,วัตถุดิบหลัก,ถั่วฝักยาว,-
ส้มตำไทยกระทงทอง,วัตถุดิบหลัก,มะเขือเทศ,-
ส้มตำไทยกระทงทอง,วัตถุดิบหลัก,พริกขี้หนู,-
ส้มตำไทยกระทงทอง,วัตถุดิบหลัก,กระเทียม,-
ส้มตำไทยกระทงทอง,วัตถุดิบหลัก,น้ำปลา,-
ส้มตำไทยกระทงทอง,วัตถุดิบหลัก,น้ำมะนาว,-
ส้มตำไทยกระทงทอง,วัตถุดิบหลัก,น้ำตาลปี๊บ,-
ส้มตำไทยกระทงทอง,วัตถุดิบหลัก,กุ้งแห้ง,-
ส้มตำไทยกระทงทอง,วัตถุดิบหลัก,ถั่วลิสง,-
ส้มตำไทยกระทงทอง,ส่วนผสมกระทงทอง,แผ่นเกี้ยว,-
ส้มตำไทยกระทงทอง,ส่วนผสมกระทงทอง,น้ำมัน,-
ส้มตำข้าวโพดกระทงทอง,วัตถุดิบหลัก,ข้าวโพดหวานสุก,-
ส้มตำข้าวโพดกระทงทอง,วัตถุดิบหลัก,ถั่วฝักยาว,-
ส้มตำข้าวโพดกระทงทอง,วัตถุดิบหลัก,มะเขือเทศ,-
ส้มตำข้าวโพดกระทงทอง,วัตถุดิบหลัก,พริกขี้หนู,-
ส้มตำข้าวโพดกระทงทอง,วัตถุดิบหลัก,กระเทียม,-
ส้มตำข้าวโพดกระทงทอง,วัตถุดิบหลัก,น้ำปลา,-
ส้มตำข้าวโพดกระทงทอง,วัตถุดิบหลัก,น้ำมะนาว,-
ส้มตำข้าวโพดกระทงทอง,วัตถุดิบหลัก,น้ำตาลปี๊บ,-
ส้มตำข้าวโพดกระทงทอง,วัตถุดิบหลัก,กุ้งแห้ง,-
ส้มตำข้าวโพดกระทงทอง,วัตถุดิบหลัก,ถั่วลิสง,-
ส้มตำข้าวโพดกระทงทอง,ส่วนผสมกระทงทอง,แผ่นเกี้ยว,-
ส้มตำข้าวโพดกระทงทอง,ส่วนผสมกระทงทอง,น้ำมัน,-
บัวลอย 5 สี,ส่วนผสมแป้งอัญชัน,แป้งข้าวเหนียว,1 ถ้วยตวง
บัวลอย 5 สี,ส่วนผสมแป้งอัญชัน,แป้งมัน,1 ช้อนโต๊ะพูนๆ
บัวลอย 5 สี,ส่วนผสมแป้งอัญชัน,น้ำอัญชันเข้มข้น,น้ำเปล่า 300 ml.+ดอกอัญชันแห้ง 2 ช้อนโต๊ะ
บัวลอย 5 สี,ส่วนผสมแป้งใบเตย,แป้งข้าวเหนียว,1 ถ้วยตวง
บัวลอย 5 สี,ส่วนผสมแป้งใบเตย,แป้งมัน,1 ช้อนโต๊ะพูนๆ
บัวลอย 5 สี,ส่วนผสมแป้งใบเตย,น้ำใบเตยเข้มข้น,น้ำเปล่า 200 ml.+ใบเตย 6 ใบ
บัวลอย 5 สี,ส่วนผสมแป้งฟักทอง,แป้งข้าวเหนียว,1/2 ถ้วยตวง
บัวลอย 5 สี,ส่วนผสมแป้งฟักทอง,แป้งมัน,1 ช้อนโต๊ะพูนๆ
บัวลอย 5 สี,ส่วนผสมแป้งฟักทอง,ฟักทอง (ก่อนนึ่ง),100 กรัม
บัวลอย 5 สี,ส่วนผสมแป้งเผือก,แป้งข้าวเหนียว,1/2 ถ้วยตวง
บัวลอย 5 สี,ส่วนผสมแป้งเผือก,เผือกหอม (ก่อนนึ่ง),100 กรัม
บัวลอย 5 สี,ส่วนผสมแป้งเผือก,สีผสมอาหารสีม่วง,ตามชอบ
บัวลอย 5 สี,ส่วนผสมแป้งเผือก,น้ำร้อนจัด,สำหรับนวดแป้ง
บัวลอย 5 สี,ส่วนผสมแป้งสีขาว,แป้งข้าวเหนียว,1 ถ้วยตวง
บัวลอย 5 สี,ส่วนผสมแป้งสีขาว,แป้งมัน,1 ช้อนโต๊ะพูนๆ
บัวลอย 5 สี,ส่วนผสมแป้งสีขาว,น้ำร้อนจัด,สำหรับนวดแป้ง
บัวลอย 5 สี,ส่วนผสมน้ำกะทิ,หัวกะทิ,1000 ml.
บัวลอย 5 สี,ส่วนผสมน้ำกะทิ,น้ำมะพร้าว,600 ml.
บัวลอย 5 สี,ส่วนผสมน้ำกะทิ,น้ำตาลทราย,320 กรัม
บัวลอย 5 สี,ส่วนผสมน้ำกะทิ,เกลือป่น,2 ช้อนชา
บัวลอย 5 สี,ส่วนผสมน้ำกะทิ,เนื้อมะพร้าวอ่อน,3-4 ลูก
บัวลอย 5 สี,ส่วนผสมน้ำกะทิ,ใบเตยมัด,-
ลอดช่องอัญชันใบเตย,ส่วนผสมน้ำกะทิ (ชุดใบเตย),น้ำตาลมะพร้าว,200 กรัม
ลอดช่องอัญชันใบเตย,ส่วนผสมน้ำกะทิ (ชุดใบเตย),เกลือ,1/2 ช้อนชา
ลอดช่องอัญชันใบเตย,ส่วนผสมน้ำกะทิ (ชุดใบเตย),กะทิ,500 มล.
ลอดช่องอัญชันใบเตย,ส่วนผสมน้ำกะทิ (ชุดใบเตย),ใบเตย,1 ใบ
ลอดช่องอัญชันใบเตย,ส่วนผสมน้ำกะทิ (ชุดอัญชัน),น้ำตาลมะพร้าว,200 กรัม
ลอดช่องอัญชันใบเตย,ส่วนผสมน้ำกะทิ (ชุดอัญชัน),เกลือ,1/2 ช้อนชา
ลอดช่องอัญชันใบเตย,ส่วนผสมน้ำกะทิ (ชุดอัญชัน),กะทิ,500 มล.
ลอดช่องอัญชันใบเตย,ส่วนผสมน้ำกะทิ (ชุดอัญชัน),ดอกอัญชัญ,50 กรัม
ลอดช่องอัญชันใบเตย,ส่วนผสมตัวลอดช่อง (ต่อ 1 สี),ใบเตย/ดอกอัญชัญ,-
ลอดช่องอัญชันใบเตย,ส่วนผสมตัวลอดช่อง (ต่อ 1 สี),น้ำปูนใส,"950 กรัม (น้ำเปล่า 1000 มล. + ปูนแดง 2 ช้อนโต๊ะ)"
ลอดช่องอัญชันใบเตย,ส่วนผสมตัวลอดช่อง (ต่อ 1 สี),แป้งข้าวเจ้า,120 กรัม
ลอดช่องอัญชันใบเตย,ส่วนผสมตัวลอดช่อง (ต่อ 1 สี),แป้งมัน,45 กรัม
ลอดช่องอัญชันใบเตย,ส่วนผสมตัวลอดช่อง (ต่อ 1 สี),แป้งถั่วเขียว,45 กรัม
ลอดช่องอัญชันใบเตย,เครื่องเคียง,มะพร้าวอ่อน,-
ลอดช่องอัญชันใบเตย,เครื่องเคียง,ขนุน,-
ทับทิมกรอบ,ส่วนผสมตัวทับทิมกรอบ,แห้วหั่นเต๋า,300-500 กรัม
ทับทิมกรอบ,ส่วนผสมตัวทับทิมกรอบ,สีผสมอาหารสีแดง/น้ำหวานเฮลซ์บลูบอย,ตามเหมาะสม
ทับทิมกรอบ,ส่วนผสมตัวทับทิมกรอบ,แป้งมันสำปะหลัง,110 กรัม
ทับทิมกรอบ,ส่วนผสมน้ำกะทิ,กะทิ,400 กรัม
ทับทิมกรอบ,ส่วนผสมน้ำกะทิ,น้ำตาลทราย,80 กรัม
ทับทิมกรอบ,ส่วนผสมน้ำกะทิ,เกลือ,1/2 ช้อนชา (3 กรัม)
ทับทิมกรอบ,ส่วนผสมน้ำกะทิ,น้ำ,1/2 ถ้วยตวง (110 กรัม)
ทับทิมกรอบ,ส่วนผสมน้ำกะทิ,ใบเตย,3 ใบ (15 กรัม)
ทับทิมกรอบ,เครื่องเคียง,ขนุน,-
ทับทิมกรอบ,เครื่องเคียง,น้ำแข็งป่น,-
ขนมต้มไทยโบราณ,ส่วนผสมแป้งสีแดง,แป้งข้าวเหนียว,200 กรัม
ขนมต้มไทยโบราณ,ส่วนผสมแป้งสีแดง,น้ำ,100 กรัม
ขนมต้มไทยโบราณ,ส่วนผสมแป้งสีแดง,น้ำแดง,80 กรัม
ขนมต้มไทยโบราณ,ส่วนผสมแป้งสีฟ้า,แป้งข้าวเหนียว,200 กรัม
ขนมต้มไทยโบราณ,ส่วนผสมแป้งสีฟ้า,น้ำอัญชัน,180 กรัม
ขนมต้มไทยโบราณ,ส่วนผสมแป้งสีเขียว,แป้งข้าวเหนียว,200 กรัม
ขนมต้มไทยโบราณ,ส่วนผสมแป้งสีเขียว,น้ำใบเตย,180 กรัม
ขนมต้มไทยโบราณ,ส่วนผสมไส้,น้ำตาลปี๊บ,350 กรัม
ขนมต้มไทยโบราณ,ส่วนผสมไส้,มะพร้าวขูด,500 กรัม
ขนมต้มไทยโบราณ,ส่วนผสมไส้,น้ำ,50 กรัม
ขนมต้มไทยโบราณ,ส่วนผสมมะพร้าวคลุก,มะพร้าวขูด,400 กรัม
ขนมต้มไทยโบราณ,ส่วนผสมมะพร้าวคลุก,เกลือ,3/4 ช้อนชา
ขนมชั้นอัญชัน,ส่วนผสมตัวขนมชั้น,แป้งมันสำปะหลัง,340 กรัม
ขนมชั้นอัญชัน,ส่วนผสมตัวขนมชั้น,แป้งข้าวจ้าว,85 กรัม
ขนมชั้นอัญชัน,ส่วนผสมตัวขนมชั้น,แป้งท้าว,60 กรัม
ขนมชั้นอัญชัน,ส่วนผสมตัวขนมชั้น,น้ำตาลทราย,400 กรัม
ขนมชั้นอัญชัน,ส่วนผสมตัวขนมชั้น,เกลือ,1 ช้อนชา (6 กรัม)
ขนมชั้นอัญชัน,ส่วนผสมตัวขนมชั้น,หัวกะทิ,500 กรัม
ขนมชั้นอัญชัน,ส่วนผสมตัวขนมชั้น,น้ำอัญชัน,115 กรัม
ขนมชั้นอัญชัน,ส่วนผสมตัวขนมชั้น,น้ำสะอาด,315 กรัม
ขนมชั้นอัญชัน,อุปกรณ์และอื่นๆ,น้ำมันทาพิมพ์,1 ช้อนโต๊ะ
ขนมชั้นอัญชัน,เทคนิคการทำ,ปริมาณแป้งต่อชั้น,ตักชั้นละ 3/4 ถ้วยตวง
ขนมชั้นอัญชัน,เทคนิคการทำ,การนึ่ง,"ฝาหม้อห่อผ้า, นึ่ง 4 นาทีต่อรอบ"
ขนมชั้นใบเตย,ส่วนผสมตัวขนมชั้น,แป้งมันสำปะหลัง,340 กรัม
ขนมชั้นใบเตย,ส่วนผสมตัวขนมชั้น,แป้งข้าวจ้าว,85 กรัม
ขนมชั้นใบเตย,ส่วนผสมตัวขนมชั้น,แป้งท้าว,60 กรัม
ขนมชั้นใบเตย,ส่วนผสมตัวขนมชั้น,น้ำตาลทราย,400 กรัม
ขนมชั้นใบเตย,ส่วนผสมตัวขนมชั้น,เกลือ,1 ช้อนชา (6 กรัม)
ขนมชั้นใบเตย,ส่วนผสมตัวขนมชั้น,หัวกะทิ,500 กรัม
ขนมชั้นใบเตย,ส่วนผสมตัวขนมชั้น,น้ำใบเตย,115 กรัม
ขนมชั้นใบเตย,ส่วนผสมตัวขนมชั้น,น้ำสะอาด,315 กรัม
ขนมชั้นใบเตย,อุปกรณ์และอื่นๆ,น้ำมันทาพิมพ์,1 ช้อนโต๊ะ
ขนมชั้นใบเตย,เทคนิคการทำ,ปริมาณแป้งต่อชั้น,ตักชั้นละ 3/4 ถ้วยตวง
ขนมชั้นใบเตย,เทคนิคการทำ,การนึ่ง,"ฝาหม้อห่อผ้า, นึ่ง 4 นาทีต่อรอบ"
วุ้นกะทิใบเตย,ส่วนผสมวุ้นใบเตย,น้ำต้มใบเตย,"1000 ml. (น้ำเปล่า 1250 ml. ต้มใบเตย 4-5 ใบ)"
วุ้นกะทิใบเตย,ส่วนผสมวุ้นใบเตย,ผงวุ้น,"1 ช้อนโต๊ะ + 1/2 ช้อนโต๊ะ"
วุ้นกะทิใบเตย,ส่วนผสมวุ้นใบเตย,น้ำตาลทรายขาว,300 กรัม
วุ้นกะทิใบเตย,ส่วนผสมวุ้นใบเตย,น้ำใบเตยเข้มข้น,"250 กรัม (ใบเตย 40 กรัม ปั่นน้ำเปล่า 350 ml.)"
วุ้นกะทิใบเตย,ส่วนผสมวุ้นกะทิ,น้ำเปล่า,250 ml.
วุ้นกะทิใบเตย,ส่วนผสมวุ้นกะทิ,ผงวุ้น,"1 ช้อนโต๊ะ + 1/2 ช้อนโต๊ะ"
วุ้นกะทิใบเตย,ส่วนผสมวุ้นกะทิ,หัวกะทิ,1000 ml.
วุ้นกะทิใบเตย,ส่วนผสมวุ้นกะทิ,น้ำตาลทรายขาว,300 กรัม
วุ้นกะทิใบเตย,ส่วนผสมวุ้นกะทิ,เกลือป่น,"1 ช้อนชา + 1/2 ช้อนชา"
วุ้นกะทิใบเตย,เทคนิคการทำ,การแช่ผงวุ้น,ต้องแช่ผงวุ้นในน้ำ 10-15 นาที เพื่อให้วุ้นอิ่มน้ำ
วุ้นกะทิใบเตย,เทคนิคการทำ,การเคี่ยววุ้น,ต้องเคี่ยวจนวุ้นละลายดี ไม่ติดขอบหม้อ ไม่ติดทัพพี วุ้นจะไม่คายน้ำ
วุ้นกะทิใบเตย,เทคนิคการทำ,การต้มวุ้นกะทิ,อย่าใช้ไฟแรงและต้มกะทิแค่พอร้อน เดือดขอบหม้อ
วุ้นกะทิใบเตย,เทคนิคการทำ,การพักวุ้น,พักวุ้นไว้ 1-2 ชม.จนวุ้นเซ็ตตัวดี ตัดแบ่งเป็นชิ้น
วุ้นกะทิอัญชันมะพร้าวอ่อน,ส่วนผสมวุ้นอัญชัน,น้ำต้มอัญชัน,"1000 ml. (น้ำเปล่า 1250 ml. ต้มดอกอัญชัน)"
วุ้นกะทิอัญชันมะพร้าวอ่อน,ส่วนผสมวุ้นอัญชัน,ผงวุ้น,"1 ช้อนโต๊ะ + 1/2 ช้อนโต๊ะ"
วุ้นกะทิอัญชันมะพร้าวอ่อน,ส่วนผสมวุ้นอัญชัน,น้ำตาลทรายขาว,300 กรัม
วุ้นกะทิอัญชันมะพร้าวอ่อน,ส่วนผสมวุ้นอัญชัน,น้ำอัญชันเข้มข้น,"250 กรัม (ดอกอัญชันปั่นน้ำเปล่า 350 ml.)"
วุ้นกะทิอัญชันมะพร้าวอ่อน,ส่วนผสมวุ้นอัญชัน,เนื้อมะพร้าวอ่อน,ตามเหมาะสม
วุ้นกะทิอัญชันมะพร้าวอ่อน,ส่วนผสมวุ้นกะทิ,น้ำเปล่า,250 ml.
วุ้นกะทิอัญชันมะพร้าวอ่อน,ส่วนผสมวุ้นกะทิ,ผงวุ้น,"1 ช้อนโต๊ะ + 1/2 ช้อนโต๊ะ"
วุ้นกะทิอัญชันมะพร้าวอ่อน,ส่วนผสมวุ้นกะทิ,หัวกะทิ,1000 ml.
วุ้นกะทิอัญชันมะพร้าวอ่อน,ส่วนผสมวุ้นกะทิ,น้ำตาลทรายขาว,300 กรัม
วุ้นกะทิอัญชันมะพร้าวอ่อน,ส่วนผสมวุ้นกะทิ,เกลือป่น,"1 ช้อนชา + 1/2 ช้อนชา"
วุ้นกะทิอัญชันมะพร้าวอ่อน,เทคนิคการทำ,การแช่ผงวุ้น,ต้องแช่ผงวุ้นในน้ำ 10-15 นาที เพื่อให้วุ้นอิ่มน้ำ
วุ้นกะทิอัญชันมะพร้าวอ่อน,เทคนิคการทำ,การเคี่ยววุ้น,ต้องเคี่ยวจนวุ้นละลายดี ไม่ติดขอบหม้อ ไม่ติดทัพพี วุ้นจะไม่คายน้ำ
วุ้นกะทิอัญชันมะพร้าวอ่อน,เทคนิคการทำ,การต้มวุ้นกะทิ,อย่าใช้ไฟแรงและต้มกะทิแค่พอร้อน เดือดขอบหม้อ
วุ้นกะทิอัญชันมะพร้าวอ่อน,เทคนิคการทำ,การพักวุ้น,พักวุ้นไว้ 1-2 ชม.จนวุ้นเซ็ตตัวดี ตัดแบ่งเป็นชิ้น
ยำถั่วพลู,เครื่องยำและเนื้อสัตว์,ถั่วพูสด,200 กรัม
ยำถั่วพลู,เครื่องยำและเนื้อสัตว์,กุ้งสด (แกะเปลือกผ่าหลัง),100-200 กรัม
ยำถั่วพลู,เครื่องยำและเนื้อสัตว์,หมูสับ,100-200 กรัม
ยำถั่วพลู,เครื่องยำและเนื้อสัตว์,ไข่ต้ม (สำหรับกินเคียง),2 ฟอง
ยำถั่วพลู,ส่วนผสมน้ำยำ,น้ำพริกเผา,2 ช้อนโต๊ะ
ยำถั่วพลู,ส่วนผสมน้ำยำ,กะทิ หรือนมข้นจืด,3-4 ช้อนโต๊ะ
ยำถั่วพลู,ส่วนผสมน้ำยำ,น้ำมะนาว,3 ช้อนโต๊ะ
ยำถั่วพลู,ส่วนผสมน้ำยำ,น้ำปลา,3 ช้อนโต๊ะ
ยำถั่วพลู,ส่วนผสมน้ำยำ,น้ำตาลปี๊บ หรือน้ำตาลมะพร้าว,1.5 ช้อนโต๊ะ
ยำถั่วพลู,ส่วนผสมน้ำยำ,พริกขี้หนูซอย หรือพริกจินดาแดงสับ,ตามชอบ
ยำถั่วพลู,เครื่องโรยหน้า,หอมแดงซอย,2-3 หัว
ยำถั่วพลู,เครื่องโรยหน้า,ถั่วลิสงคั่ว (บุบพอหยาบ),2 ช้อนโต๊ะ
ยำถั่วพลู,เครื่องโรยหน้า,หอมเจียว,ตามชอบ
ยำถั่วพลู,เครื่องโรยหน้า,พริกแห้งทอด,ตามชอบ
ยำมะม่วง,วัตถุดิบหลักและเครื่องยำ,มะม่วงดิบรสเปรี้ยว,"1 ลูก (เช่น มะม่วงแก้วขมิ้น มะม่วงแรด หรือมะม่วงน้ำดอกไม้ดิบ)"
ยำมะม่วง,วัตถุดิบหลักและเครื่องยำ,หอมแดงหรือหอมแขก,"3-5 หัว (ปอกเปลือกแล้วซอยบางๆ)"
ยำมะม่วง,วัตถุดิบหลักและเครื่องยำ,กุ้งแห้ง,2 ช้อนโต๊ะ
ยำมะม่วง,วัตถุดิบหลักและเครื่องยำ,ปลากรอบ หรือเม็ดมะม่วงหิมพานต์,"ตามชอบ (ช่วยเพิ่มความกรุบกรอบ)"
ยำมะม่วง,วัตถุดิบหลักและเครื่องยำ,ถั่วลิสงคั่ว,1 ช้อนโต๊ะ
ยำมะม่วง,ส่วนผสมน้ำยำ,พริกขี้หนูสวนซอย หรือพริกป่น,"1-2 ช้อนโต๊ะ (ปรับความเผ็ดได้ตามใจชอบ)"
ยำมะม่วง,ส่วนผสมน้ำยำ,น้ำตาลปี๊บหรือน้ำตาลเคี่ยว,2 ช้อนโต๊ะ
ยำมะม่วง,ส่วนผสมน้ำยำ,น้ำปลาดี,1-2 ช้อนโต๊ะ
ยำมะม่วง,ส่วนผสมน้ำยำ,น้ำมะนาว,"1 ช้อนโต๊ะ (หากมะม่วงเปรี้ยวมากอยู่แล้ว สามารถลดหรือตัดออกได้)"
ยำมะม่วง,ส่วนผสมน้ำยำ,น้ำปลาร้าต้มสุก,ตามชอบ
พล่ากุ้ง,วัตถุดิบ / ส่วนผสม,กุ้งสด (แกะเปลือก ผ่าหลังดึงเส้นดำ),8-10 ตัว
พล่ากุ้ง,วัตถุดิบ / ส่วนผสม,ตะไคร้ซอย,2 ต้น
พล่ากุ้ง,วัตถุดิบ / ส่วนผสม,หอมแดงซอย,4-5 หัว
พล่ากุ้ง,วัตถุดิบ / ส่วนผสม,ใบมะกรูดซอย,3-4 ใบ
พล่ากุ้ง,วัตถุดิบ / ส่วนผสม,พริกขี้หนูซอย,"5-8 เม็ด (ปรับตามความชอบ)"
พล่ากุ้ง,วัตถุดิบ / ส่วนผสม,น้ำพริกเผา,2 ช้อนโต๊ะ
พล่ากุ้ง,วัตถุดิบ / ส่วนผสม,หัวกะทิ,1-2 ช้อนโต๊ะ
พล่ากุ้ง,วัตถุดิบ / ส่วนผสม,น้ำปลา,1-2 ช้อนโต๊ะ
พล่ากุ้ง,วัตถุดิบ / ส่วนผสม,น้ำมะนาว,2-3 ช้อนโต๊ะ
พล่ากุ้ง,วัตถุดิบ / ส่วนผสม,น้ำตาลปี๊บ,1-1.5 ช้อนโต๊ะ
พล่ากุ้ง,วัตถุดิบ / ส่วนผสม,ใบสะระแหน่และผักชีฝรั่ง,"ตามชอบ (สำหรับโรยหน้าตกแต่ง)"
เสือร้องไห้ (น้ำตก),สูตรหมักเนื้อ,ซอสหอยนางรม,100 กรัม
เสือร้องไห้ (น้ำตก),สูตรหมักเนื้อ,ซีอิ๊วขาว,20 กรัม
เสือร้องไห้ (น้ำตก),สูตรหมักเนื้อ,ซอสปรุงรสฝาเขียว,20 กรัม
เสือร้องไห้ (น้ำตก),สูตรหมักเนื้อ,น้ำตาลทราย,15 กรัม
เสือร้องไห้ (น้ำตก),สูตรหมักเนื้อ,น้ำตาลปี๊บ,15 กรัม
เสือร้องไห้ (น้ำตก),สูตรหมักเนื้อ,ผงชูรส,15 กรัม
เสือร้องไห้ (น้ำตก),สูตรหมักเนื้อ,น้ำมันพืช,1 ช้อนชา
เสือร้องไห้ (น้ำตก),สูตรหมักเนื้อ,พริกป่น,1 ช้อนชา
เสือร้องไห้ (น้ำตก),สูตรหมักเนื้อ,กระเทียม,2 ช้อนชา
เสือร้องไห้ (น้ำตก),สูตรหมักเนื้อ,รากผักชี,2 ช้อนชา
เสือร้องไห้ (น้ำตก),วิธีทำ,"นำส่วนผสมทั้งหมดผสมให้เข้ากัน แล้วนำไปหมักกับเนื้อเสือร้องไห้ ทิ้งไว้ประมาณ 30 นาที - 1 ชั่วโมง ก่อนนำไปย่าง",-
เสือร้องไห้ (น้ำตก),ส่วนผสมเครื่องปรุงน้ำตก,หอมแดงซอย,-
เสือร้องไห้ (น้ำตก),ส่วนผสมเครื่องปรุงน้ำตก,ต้นหอมซอย,-
เสือร้องไห้ (น้ำตก),ส่วนผสมเครื่องปรุงน้ำตก,ผักชีฝรั่งซอย,-
เสือร้องไห้ (น้ำตก),ส่วนผสมเครื่องปรุงน้ำตก,ใบมะกรูดซอย,-
เสือร้องไห้ (น้ำตก),ส่วนผสมเครื่องปรุงน้ำตก,ใบสะระแหน่,-
เสือร้องไห้ (น้ำตก),ส่วนผสมเครื่องปรุงน้ำตก,พริกป่น,-
เสือร้องไห้ (น้ำตก),ส่วนผสมเครื่องปรุงน้ำตก,ข้าวคั่ว,-
เสือร้องไห้ (น้ำตก),ส่วนผสมเครื่องปรุงน้ำตก,ผงชูรส,-
เสือร้องไห้ (น้ำตก),ส่วนผสมเครื่องปรุงน้ำตก,น้ำปลา,-
เสือร้องไห้ (น้ำตก),ส่วนผสมเครื่องปรุงน้ำตก,น้ำมะนาว,-
เสือร้องไห้ (น้ำตก),วิธีทำ,"หลังจากย่างเนื้อเสือร้องไห้จนได้ความสุกตามชอบแล้ว นำมาหั่นเป็นชิ้นพอดีคำ แล้วคลุกเคล้าด้วยเครื่องปรุงและผักซอย",-
เสือร้องไห้ (น้ำตก),เครื่องตกแต่ง,พริกทอด,-
เสือร้องไห้ (น้ำตก),เครื่องตกแต่ง,ใบมะกรูดทอด,-
น้ำจิ้มแจ่ว,อัตราส่วนผสม,มะขามเปียก,50 กรัม
น้ำจิ้มแจ่ว,อัตราส่วนผสม,น้ำร้อน,200 ml.
น้ำจิ้มแจ่ว,อัตราส่วนผสม,น้ำปลา,3 ช้อนโต๊ะ
น้ำจิ้มแจ่ว,อัตราส่วนผสม,น้ำตาลปี๊บ,1/4 ช้อนชา
น้ำจิ้มแจ่ว,อัตราส่วนผสม,ข้าวคั่ว,1/2 ช้อนโต๊ะ
น้ำจิ้มแจ่ว,อัตราส่วนผสม,พริกป่น,1 ช้อนโต๊ะ
น้ำจิ้มแจ่ว,อัตราส่วนผสม,หอมแดงซอย,3-4 หัว
น้ำจิ้มแจ่ว,อัตราส่วนผสม,ผักชีฝรั่งซอย,4-5 ใบ
น้ำจิ้มแจ่ว,วิธีทำ,"คั้นน้ำมะขามเปียก: นำมะขามเปียก 50 กรัม แช่ในน้ำร้อน 200 ml. ทิ้งไว้สักครู่ให้เนื้อนุ่ม จากนั้นขยำและคั้นแยกกากออกเพื่อให้ได้น้ำมะขามเปียกเข้มข้น",-
น้ำจิ้มแจ่ว,วิธีทำ,"ผสมเบสรสชาติ: ตวงน้ำมะขามเปียกใส่ถ้วยผสม ผสมน้ำปลา 3 ช้อนโต๊ะ และน้ำตาลปี๊บ 1/4 ช้อนชา คนให้ส่วนผสมและน้ำตาลปี๊บละลายเข้ากันดี",-
น้ำจิ้มแจ่ว,วิธีทำ,"เพิ่มความเผ็ดและหอม: ใส่พริกป่น 1 ช้อนโต๊ะ และข้าวคั่ว 1/2 ช้อนโต๊ะ ลงไปคนให้เข้ากัน",-
น้ำจิ้มแจ่ว,วิธีทำ,"ใส่ผักสมุนไพร: โรยหอมแดงซอย 3-4 หัว และผักชีฝรั่งซอย 4-5 ใบ ลงไป คลุกเคล้าเบา ๆ เป็นอันเสร็จพร้อมเสิร์ฟคู่กับเนื้อย่าง",-
ซอสผัดกะเพรา,อัตราส่วนผสม,น้ำปลา (Fish sauce),4 ช้อนโต๊ะ
ซอสผัดกะเพรา,อัตราส่วนผสม,ซอสปรุงรสฝาเขียว (Green cap seasoning sauce),4 ช้อนโต๊ะ
ซอสผัดกะเพรา,อัตราส่วนผสม,ซีอิ๊วขาว (Light soy sauce),4 ช้อนโต๊ะ
ซอสผัดกะเพรา,อัตราส่วนผสม,ซอสหอยนางรม (Oyster sauce),14 ช้อนโต๊ะ
ซอสผัดกะเพรา,อัตราส่วนผสม,ซีอิ๊วดำหวาน (Sweet dark soy sauce),2 ช้อนโต๊ะ
ซอสผัดกะเพรา,อัตราส่วนผสม,น้ำตาลทราย (Sugar),4 ช้อนโต๊ะ
ซอสผัดกะเพรา,อัตราส่วนผสม,ผงปรุงรส (Seasoning powder),2 ช้อนโต๊ะ
ซอสผัดกะเพรา,อัตราส่วนผสม,พริกป่น (Chili powder),2 ช้อนโต๊ะ
ซอสผัดกะเพรา,อัตราส่วนผสม,กระเทียมสับ (Minced garlic),2.5 ช้อนโต๊ะ
ซอสผัดกะเพรา,อัตราส่วนผสม,พริกไทยป่น (Ground pepper),0.5 ช้อนโต๊ะ
ซอสผัดกะเพรา,อัตราส่วนผสม,น้ำเปล่า (Water),250 มิลลิลิตร
ซอสผัดกะเพรา,วิธีทำ,"รวมส่วนผสม: เทน้ำเปล่า, ซอสหอยนางรม, น้ำปลา, ซอสปรุงรสฝาเขียว, ซีอิ๊วขาว และซีอิ๊วดำหวานลงในหม้อ คนให้เข้ากัน",-
ซอสผัดกะเพรา,วิธีทำ,"ใส่เครื่องปรุงรส: เติมน้ำตาลทราย, ผงปรุงรส, พริกป่น, กระเทียมสับ และพริกไทยป่นลงไป คนให้เข้ากันและน้ำตาลเริ่มละลาย",-
ซอสผัดกะเพรา,วิธีทำ,"เคี่ยวซอส: นำหม้อขึ้นตั้งไฟอ่อนถึงปานกลาง หมั่นคนสม่ำเสมอ เคี่ยวจนเดือด น้ำตาลละลายหมด และซอสงวดขึ้นเล็กน้อย",-
ซอสผัดกะเพรา,วิธีทำ,"พักให้เย็นและจัดเก็บ: ยกลงจากเตา พักให้เย็นสนิท เทใส่ขวดโหลแก้วเก็บในตู้เย็น",-
ซอสผัดกะเพรา,วิธีทำ,"เคล็ดลับ: ผัดเนื้อสัตว์กับพริกกระเทียมสับจนเกือบสุก ใส่ซอส 1-2 ช้อนโต๊ะต่อจาน ผัดให้เข้ากัน ใส่ใบกะเพรา",-
น้ำพริกหนุ่ม,อัตราส่วนผสม,พริกหนุ่ม (Northern Thai green chilies),1/2 กิโลกรัม
น้ำพริกหนุ่ม,อัตราส่วนผสม,พริกชี้ฟ้าแดง (Red spur chilies),50 กรัม
น้ำพริกหนุ่ม,อัตราส่วนผสม,กระเทียมจีน (Chinese garlic),200 กรัม
น้ำพริกหนุ่ม,อัตราส่วนผสม,กระเทียมไทย (Thai garlic),50 กรัม
น้ำพริกหนุ่ม,อัตราส่วนผสม,หอมแดง (Shallots),250 กรัม
น้ำพริกหนุ่ม,อัตราส่วนผสม,น้ำปลา (Fish sauce),3 ช้อนโต๊ะ
น้ำพริกหนุ่ม,อัตราส่วนผสม,เกลือป่น (Salt),3 ช้อนชา
น้ำพริกหนุ่ม,วิธีทำ,"ย่างสมุนไพร: นำพริกหนุ่ม พริกชี้ฟ้าแดง กระเทียมจีน กระเทียมไทย และหอมแดง ไปย่างหรืออบจนผิวเริ่มเกรียมสุกและหอม",-
น้ำพริกหนุ่ม,วิธีทำ,"ลอกเปลือก: พักให้อุ่น ลอกผิวที่ไหม้เกรียมของพริกออก และปอกเปลือกหอมแดงและกระเทียมให้สะอาด",-
น้ำพริกหนุ่ม,วิธีทำ,"โขลกน้ำพริก: โขลกกระเทียมและหอมแดงย่างพอหยาบ ใส่พริกหนุ่มและพริกชี้ฟ้าแดงย่างตามลงไป โขลกให้เข้ากันตามความละเอียดที่ต้องการ",-
น้ำพริกหนุ่ม,วิธีทำ,"ปรุงรสชาติ: ปรุงรสด้วยน้ำปลา 3 ช้อนโต๊ะ และเกลือป่น 3 ช้อนชา คนให้ละลายเข้ากัน ชิมรสตามชอบ",-
น้ำพริกหนุ่ม,วิธีทำ,"จัดเสิร์ฟ: ตักใส่ถ้วย พร้อมเสิร์ฟคู่กับแคบหมู ผักต้ม หรือข้าวเหนียวร้อนๆ (สูตรนี้ได้ประมาณ 700 กรัม)",-
น้ำพริกอ่อง,อัตราส่วนผสม,หมูบด (Minced pork),100 กรัม
น้ำพริกอ่อง,อัตราส่วนผสม,มะเขือเทศ (Tomatoes),5-6 ลูก
น้ำพริกอ่อง,อัตราส่วนผสม,พริกแห้งเม็ดเล็ก (Small dried chilies),20 เม็ด
น้ำพริกอ่อง,อัตราส่วนผสม,กระเทียมไทย (Thai garlic),2 หัว
น้ำพริกอ่อง,อัตราส่วนผสม,หอมแดง (Shallots),4-5 หัว
น้ำพริกอ่อง,อัตราส่วนผสม,กะปิเค็ม (Shrimp paste),1 ช้อนแกง
น้ำพริกอ่อง,อัตราส่วนผสม,เกลือป่น (Salt),1 ช้อนชา
น้ำพริกอ่อง,อัตราส่วนผสม,ผักชี (Coriander / Cilantro),สำหรับโรยหน้า
น้ำพริกอ่อง,วิธีทำ,"เตรียมพริกแกง: โขลกพริกแห้ง เกลือป่น กระเทียม และหอมแดงให้ละเอียด ใส่กะปิลงไปโขลกให้เข้ากัน",-
น้ำพริกอ่อง,วิธีทำ,"ผสมหมูบด: ใส่หมูบดลงในครก โขลกเบาๆ ให้เข้ากับพริกแกง",-
น้ำพริกอ่อง,วิธีทำ,"เตรียมมะเขือเทศ: หั่นมะเขือเทศเป็นชิ้นเล็กๆ ใส่ลงในครก โขลกเบาๆ ให้เข้ากัน",-
น้ำพริกอ่อง,วิธีทำ,"ผัดน้ำพริก: ตั้งกระทะใส่น้ำมัน ผัดส่วนผสมทั้งหมดจนหมูสุกและมะเขือเทศนิ่ม เคี่ยวจนน้ำงวดและหอม",-
น้ำพริกอ่อง,วิธีทำ,"จัดเสิร์ฟ: ตักใส่ถ้วย โรยหน้าด้วยผักชีซอย เสิร์ฟพร้อมผักสดตามชอบ",-
ไก่ย่าง,อัตราส่วนผสมสูตรหมักไก่,น้ำเปล่า (Water),2 ลิตร
ไก่ย่าง,อัตราส่วนผสมสูตรหมักไก่,เกลือ (Salt),2 ช้อนโต๊ะ
ไก่ย่าง,อัตราส่วนผสมสูตรหมักไก่,พริกไทย (Pepper),2 ช้อนโต๊ะ
ไก่ย่าง,อัตราส่วนผสมสูตรหมักไก่,กระเทียมจีน (Chinese garlic),3 หัว
ไก่ย่าง,อัตราส่วนผสมสูตรหมักไก่,ซีอิ๊วขาว (Light soy sauce),10 ช้อนโต๊ะ
ไก่ย่าง,วิธีทำ,"เตรียมเครื่องหมัก: นำกระเทียมจีนมาปอกเปลือกแล้วโขลกหรือสับให้พอหยาบ",-
ไก่ย่าง,วิธีทำ,"ผสมน้ำหมัก: ใส่น้ำเปล่า เติมเกลือ พริกไทย ซีอิ๊วขาว และกระเทียมจีนที่โขลกไว้ คนให้ละลายเข้ากันดี",-
ไก่ย่าง,วิธีทำ,"หมักไก่: นำไก่ที่ล้างสะอาดแช่ในน้ำหมักให้ท่วม หมักทิ้งไว้ในตู้เย็น (แนะนำอย่างน้อย 1-2 ชั่วโมง หรือข้ามคืน)",-
ไก่ย่าง,วิธีทำ,"การย่าง: นำไก่ขึ้นจากน้ำหมัก พักให้สะเด็ดน้ำ แล้วนำไปย่างบนเตาถ่านไฟอ่อน หรืออบจนไก่สุกทั่วถึง ผิวนอกเหลืองกรอบ",-
น้ำจิ้มซีฟู้ด,ส่วนผสมและอัตราส่วน,รากผักชี (Root of coriander),20 กรัม
น้ำจิ้มซีฟู้ด,ส่วนผสมและอัตราส่วน,กระเทียม (Garlic),20 กรัม
น้ำจิ้มซีฟู้ด,ส่วนผสมและอัตราส่วน,พริกแดงจินดา (Red chilli pepper),30 กรัม
น้ำจิ้มซีฟู้ด,ส่วนผสมและอัตราส่วน,พริกขี้หนูสวน (Guinea-pepper),20 กรัม
น้ำจิ้มซีฟู้ด,ส่วนผสมและอัตราส่วน,น้ำมะนาว (Lime juice),6 ช้อนโต๊ะ
น้ำจิ้มซีฟู้ด,ส่วนผสมและอัตราส่วน,น้ำปลา (Fish sauce),6 ช้อนโต๊ะ
น้ำจิ้มซีฟู้ด,ส่วนผสมและอัตราส่วน,น้ำตาลปี๊บ (Palm sugar),1 ช้อนโต๊ะ
น้ำจิ้มซีฟู้ด,ส่วนผสมและอัตราส่วน,ผงปรุงรส (Seasoning powder),1 ช้อนชา
น้ำจิ้มซีฟู้ด,วิธีทำ,"เตรียมวัตถุดิบ: ล้างรากผักชี พริกแดงจินดา และพริกขี้หนูสวนให้สะอาด ปอกเปลือกกระเทียม",-
น้ำจิ้มซีฟู้ด,วิธีทำ,"ปั่นหรือโขลก: นำรากผักชี กระเทียม พริกแดงจินดา และพริกขี้หนูสวน ใส่โถปั่นหรือโขลกให้ละเอียด",-
น้ำจิ้มซีฟู้ด,วิธีทำ,"ปรุงรสชาติ: เติมน้ำมะนาว น้ำปลา น้ำตาลปี๊บ และผงปรุงรส",-
น้ำจิ้มซีฟู้ด,วิธีทำ,"ผสมให้เข้ากัน: ปั่นหรือโขลกผสมให้เข้ากันดี และน้ำตาลปี๊บละลายหมด",-
น้ำจิ้มซีฟู้ด,วิธีทำ,"จัดเสิร์ฟ: ชิมรสและปรับแต่งตามใจชอบ จัดเสิร์ฟคู่กับอาหารทะเลหรือเมนูย่าง",-
คอหมูย่าง,สูตรหมักคอหมูย่าง,สันคอหมู,500 กรัม
คอหมูย่าง,สูตรหมักคอหมูย่าง,ซอสหอยนางรม,2 ช้อนโต๊ะ
คอหมูย่าง,สูตรหมักคอหมูย่าง,ซีอิ๊วขาว,1 ช้อนโต๊ะ
คอหมูย่าง,สูตรหมักคอหมูย่าง,ซอสปรุงรสฝาเขียว,1 ช้อนโต๊ะ
คอหมูย่าง,สูตรหมักคอหมูย่าง,น้ำตาลปี๊บ,1 ช้อนโต๊ะ
คอหมูย่าง,สูตรหมักคอหมูย่าง,นมข้นจืด (หรือนมสด),2 ช้อนโต๊ะ
คอหมูย่าง,สูตรหมักคอหมูย่าง,พริกไทยขาวป่น,1 ช้อนชา
คอหมูย่าง,สูตรหมักคอหมูย่าง,รากผักชี กระเทียม พริกไทย (สามเกลอโขลก),1 ช้อนโต๊ะ
คอหมูย่าง,วิธีทำ,"เตรียมเนื้อหมู: นำคอหมูมาล้างให้สะอาด ซับให้แห้ง ใช้ส้อมจิ้มให้ทั่วชิ้นหมู",-
คอหมูย่าง,วิธีทำ,"หมักหมู: ผสมเครื่องปรุงทั้งหมด คนจนน้ำตาลปี๊บละลาย นำเนื้อหมูลงไปคลุกเคล้าและนวดเบาๆ",-
คอหมูย่าง,วิธีทำ,"เวลาในการหมัก: คลุมด้วยพลาสติกแรป นำเข้าตู้แช่เย็นหมักทิ้งไว้ อย่างน้อย 30 นาที - 1 ชั่วโมง (หมักข้ามคืนยิ่งนุ่ม)",-
คอหมูย่าง,วิธีทำ,"การย่างเตาถ่าน: ใช้ไฟกลางค่อนอ่อน ย่างกลับด้านไปมาจนสุกและผิวเริ่มเกรียมสวย (15-20 นาที)",-
คอหมูย่าง,วิธีทำ,"การย่างเตาอบ/หม้อทอด: ใช้ไฟ 180°C ย่างด้านแรก 10-15 นาที กลับด้านย่างต่ออีก 5-10 นาที",-
คอหมูย่าง,วิธีทำ,"จัดเสิร์ฟ: นำคอหมูย่างมาพักไว้ประมาณ 3-5 นาทีก่อนหั่น หั่นเป็นชิ้นเฉียงพอดีคำ เสิร์ฟพร้อมน้ำจิ้มแจ่ว",-
ผัดเผ็ดหมูบด,ส่วนผสม,หมูบด,300 กรัม
ผัดเผ็ดหมูบด,ส่วนผสม,พริกแกงเผ็ด,2 ช้อนโต๊ะ
ผัดเผ็ดหมูบด,ส่วนผสม,"พริก, กระเทียม, พริกไทย",-
ผัดเผ็ดหมูบด,ส่วนผสม,กระชาย,40 กรัม
ผัดเผ็ดหมูบด,ส่วนผสม,น้ำปลา,1 ช้อนโต๊ะ
ผัดเผ็ดหมูบด,ส่วนผสม,ผงปรุงรส,1 ช้อนชา
ผัดเผ็ดหมูบด,ส่วนผสม,น้ำตาล,1 ช้อนชา
ผัดเผ็ดหมูบด,ส่วนผสม,ซอสหอยนางรม,1 ช้อนโต๊ะ
ผัดเผ็ดหมูบด,ส่วนผสม,ซีอิ๊วดำ,1 ช้อนชา
ผัดเผ็ดหมูบด,ส่วนผสม,มะเขือพวง,100 กรัม
ผัดเผ็ดหมูบด,ส่วนผสม,ใบมะกรูด,6 ใบ
ผัดเผ็ดหมูบด,ส่วนผสม,พริกชี้ฟ้า,1 เม็ด
ผัดเผ็ดหมูบด,ส่วนผสม,ใบโหระพา,-
ผัดพริกแกง,ส่วนผสมและเครื่องปรุง,มะเขือเปราะ,400 กรัม
ผัดพริกแกง,ส่วนผสมและเครื่องปรุง,สันคอหมู,300 กรัม
ผัดพริกแกง,ส่วนผสมและเครื่องปรุง,พริกแกงเผ็ด,3 ช้อนโต๊ะ
ผัดพริกแกง,ส่วนผสมและเครื่องปรุง,ซีอิ๊วขาว,2 ช้อนโต๊ะ
ผัดพริกแกง,ส่วนผสมและเครื่องปรุง,น้ำปลา,2 ช้อนโต๊ะ
ผัดพริกแกง,ส่วนผสมและเครื่องปรุง,น้ำตาล,1 ช้อนชา
ผัดพริกแกง,ส่วนผสมและเครื่องปรุง,พริกจินดา,15 กรัม
ผัดพริกแกง,ส่วนผสมและเครื่องปรุง,ใบมะกรูด,10 กรัม
ผัดพริกแกง,ส่วนผสมและเครื่องปรุง,กระเพรา,10 กรัม
ผัดพริกแกง,ส่วนผสมและเครื่องปรุง,น้ำมันพืช,-
ผัดพริกแกง,ส่วนผสมและเครื่องปรุง,เกลือ,-
ผัดพริกแกง,ส่วนผสมและเครื่องปรุง,น้ำ,-
คั่วพริกเกลือ,วัตถุดิบ ส่วนผสม,เนื้อไก่น่องติดสะโพก,700 กรัม
คั่วพริกเกลือ,วัตถุดิบ ส่วนผสม,พริกขี้หนูสับ,30 กรัม
คั่วพริกเกลือ,วัตถุดิบ ส่วนผสม,พริกขี้หนูสวน,15 กรัม
คั่วพริกเกลือ,วัตถุดิบ ส่วนผสม,กระเทียม,60 กรัม
คั่วพริกเกลือ,วัตถุดิบ ส่วนผสม,ต้นหอมซอย,25 กรัม
คั่วพริกเกลือ,เครื่องปรุง,เกลือ,1 ช้อนชา
คั่วพริกเกลือ,เครื่องปรุง,น้ำตาล,1 ช้อนชา
คั่วพริกเกลือ,เครื่องปรุง,พริกไทยป่น,1 ช้อนชา
เมี่ยงคำซีบาส,วัตถุดิบ,ปลาซีบาส,300 กรัม
เมี่ยงคำซีบาส,วัตถุดิบ,แป้งมัน,40 กรัม
เมี่ยงคำซีบาส,วัตถุดิบ,น้ำมันพืช,200 ml
เมี่ยงคำซีบาส,วัตถุดิบ,น้ำเปล่า,30 ml.
เมี่ยงคำซีบาส,วัตถุดิบ,น้ำตาลปี๊บ,250 กรัม
เมี่ยงคำซีบาส,วัตถุดิบ,กะปิอย่างดีย่างให้หอม,35 กรัม
เมี่ยงคำซีบาส,วัตถุดิบ,น้ำปลา,3 ช้อน
เมี่ยงคำซีบาส,วัตถุดิบ,ข่าหั่นชิ้นเล็ก,15 กรัม
เมี่ยงคำซีบาส,วัตถุดิบ,ขิงหั่นชิ้นเล็ก,15 กรัม
เมี่ยงคำซีบาส,วัตถุดิบ,หอมแดงหั่นชิ้นเล็ก,15 กรัม
เมี่ยงคำซีบาส,วัตถุดิบ,มะพร้าวคั่ว,40 กรัม
เมี่ยงคำซีบาส,วัตถุดิบ,กุ้งแห้ง,15 กรัม
เมี่ยงคำซีบาส,วัตถุดิบ,ถั่วลิสงคั่วหรืออบ,15 กรัม
เมี่ยงคำซีบาส,เครื่องเคียงต่างๆ,ใบชะพลู ใบทองหลาง ใบคะน้า หรืออื่นๆ ตามชอบ,-
เมี่ยงคำซีบาส,เครื่องเคียงต่างๆ,มะพร้าวคั่ว,-
เมี่ยงคำซีบาส,เครื่องเคียงต่างๆ,ถั่วลิสงคั่ว,-
เมี่ยงคำซีบาส,เครื่องเคียงต่างๆ,กุ้งแห้ง,-
เมี่ยงคำซีบาส,เครื่องเคียงต่างๆ,มะนาวทั้งเปลือกหั่นชิ้นเล็ก,-
เมี่ยงคำซีบาส,เครื่องเคียงต่างๆ,ขิงอ่อนหั่นชิ้นเล็ก,-
เมี่ยงคำซีบาส,เครื่องเคียงต่างๆ,หอมแดงหั่นชิ้นเล็ก,-
เมี่ยงคำซีบาส,เครื่องเคียงต่างๆ,พริกขี้หนู,-
ยำส้มโอกุ้ง,วัตถุดิบและส่วนผสม,กุ้ง,6 ตัว
ยำส้มโอกุ้ง,วัตถุดิบและส่วนผสม,ส้มโอแกะเนื้อ,250 กรัม
ยำส้มโอกุ้ง,วัตถุดิบและส่วนผสม,น้ำพริกเผา,1 1/2 ช้อนโต๊ะ
ยำส้มโอกุ้ง,วัตถุดิบและส่วนผสม,น้ำมะขามเปียก,3 ช้อนโต๊ะ
ยำส้มโอกุ้ง,วัตถุดิบและส่วนผสม,น้ำมะนาว,1 ช้อนโต๊ะ
ยำส้มโอกุ้ง,วัตถุดิบและส่วนผสม,น้ำตาลปี๊บ,1 ช้อนโต๊ะ
ยำส้มโอกุ้ง,วัตถุดิบและส่วนผสม,น้ำปลา,1 ช้อนโต๊ะ
ยำส้มโอกุ้ง,วัตถุดิบและส่วนผสม,หอมแดงซอย,2 ช้อนโต๊ะ
ยำส้มโอกุ้ง,วัตถุดิบและส่วนผสม,ตะไคร้ซอย,1/4 ถ้วยตวง
ยำส้มโอกุ้ง,วัตถุดิบและส่วนผสม,กุ้งแห้งป่น,1 ช้อนโต๊ะ
ยำส้มโอกุ้ง,วัตถุดิบและส่วนผสม,ถั่วลิสงทอด,2 ช้อนโต๊ะ
ยำส้มโอกุ้ง,วัตถุดิบและส่วนผสม,กระเทียมเจียว,2 ช้อนโต๊ะ
ยำส้มโอกุ้ง,วัตถุดิบและส่วนผสม,หอมแดงเจียว,2 ช้อนโต๊ะ
ยำส้มโอกุ้ง,วัตถุดิบและส่วนผสม,มะพร้าวคั่ว,2 ช้อนโต๊ะ
ยำส้มโอกุ้ง,วัตถุดิบและส่วนผสม,พริกขี้หนูแห้งทอด,3 เม็ด
ยำส้มโอกุ้ง,วัตถุดิบและส่วนผสม,น้ำเปล่า,-
ยำส้มโอกุ้ง,วัตถุดิบและส่วนผสม,ใบชะพลู,-
แซลมอนลุยสวน,ส่วนของปลาแซลมอน,เนื้อปลาแซลมอน (หั่นชิ้นเต๋าหรือชิ้นพอดีคำ),200-300 กรัม
แซลมอนลุยสวน,ส่วนของปลาแซลมอน,แป้งทอดกรอบ (สำหรับคลุกบางๆ ก่อนทอด),2 ช้อนโต๊ะ
แซลมอนลุยสวน,ส่วนของปลาแซลมอน,น้ำมันพืช (สำหรับทอด),-
แซลมอนลุยสวน,ส่วนของเครื่องสมุนไพร,ตะไคร้ซอยบาง,2 ต้น
แซลมอนลุยสวน,ส่วนของเครื่องสมุนไพร,หอมแดง หรือหอมแขกซอย,3-4 หัว
แซลมอนลุยสวน,ส่วนของเครื่องสมุนไพร,พริกขี้หนู หรือพริกจินดาแดงเขียวซอย,ตามชอบ
แซลมอนลุยสวน,ส่วนของเครื่องสมุนไพร,กระเทียมจีนหั่นแว่นบาง,3 กลีบ
แซลมอนลุยสวน,ส่วนของเครื่องสมุนไพร,ขิงแก่หั่นเต๋าเล็ก,1 ช้อนโต๊ะ
แซลมอนลุยสวน,ส่วนของเครื่องสมุนไพร,ผักชีฝรั่งซอย,1 ต้น
แซลมอนลุยสวน,ส่วนของเครื่องสมุนไพร,ใบสะระแหน่ (สำหรับโรยหน้า),-
แซลมอนลุยสวน,ส่วนของเครื่องสมุนไพร,ถั่วลิสงคั่ว,2 ช้อนโต๊ะ
แซลมอนลุยสวน,ส่วนผสมน้ำยำสุดแซ่บ,น้ำมะนาวสด,3 ช้อนโต๊ะ
แซลมอนลุยสวน,ส่วนผสมน้ำยำสุดแซ่บ,น้ำปลา,2-3 ช้อนโต๊ะ
แซลมอนลุยสวน,ส่วนผสมน้ำยำสุดแซ่บ,น้ำตาลทราย หรือน้ำตาลมะพร้าว,1.5-2 ช้อนโต๊ะ
แซลมอนลุยสวน,ส่วนผสมน้ำยำสุดแซ่บ,น้ำพริกเผา (ช่วยเพิ่มความหอมและสีสัน),1 ช้อนโต๊ะ
แซลมอนลุยสวน,วิธีทำ,"เตรียมปลาแซลมอน: ซับความชื้นออก หั่นชิ้นพอดีคำ นำไปคลุกแป้งทอดกรอบบางๆ",-
แซลมอนลุยสวน,วิธีทำ,"ทอดปลา: ตั้งกระทะไฟกลางค่อนแรง ทอดแซลมอนจนเหลืองกรอบ ตักขึ้นสะเด็ดน้ำมัน",-
แซลมอนลุยสวน,วิธีทำ,"ทำน้ำยำ: ผสมน้ำมะนาว น้ำปลา น้ำตาล และน้ำพริกเผา คนให้เข้ากัน ชิมรสตามชอบ",-
แซลมอนลุยสวน,วิธีทำ,"ผสมเครื่องลุยสวน: ใส่พริกซอย ตะไคร้ หอมแดง ขิงเต๋า กระเทียม และผักชีฝรั่งลงในน้ำยำ คลุกเคล้า",-
แซลมอนลุยสวน,วิธีทำ,"จัดเสิร์ฟ: นำน้ำยำสมุนไพรมาราดบนปลาแซลมอนทอด โรยหน้าด้วยถั่วลิสงคั่วและใบสะระแหน่",-
ยำวุ้นเส้น,วัตถุดิบ,วุ้นเส้น (แช่น้ำให้นิ่ม),80-100 กรัม
ยำวุ้นเส้น,วัตถุดิบ,หมูสับ,100-150 กรัม
ยำวุ้นเส้น,วัตถุดิบ,กุ้งสดและปลาหมึก (หั่นชิ้น),ตามชอบ
ยำวุ้นเส้น,วัตถุดิบ,พริกขี้หนูซอย (ปรับลดได้ตามความเผ็ด),5-10 เม็ด
ยำวุ้นเส้น,วัตถุดิบ,กระเทียมดองซอย,1-2 หัว
ยำวุ้นเส้น,วัตถุดิบ,หอมหัวใหญ่ซอย,1/2 หัว
ยำวุ้นเส้น,วัตถุดิบ,มะเขือเทศหั่นเต๋า,1 ลูก
ยำวุ้นเส้น,วัตถุดิบ,ต้นหอมและขึ้นฉ่ายหั่นท่อน,-
ยำวุ้นเส้น,ส่วนผสมน้ำยำ,น้ำมะนาว,2-3 ช้อนโต๊ะ
ยำวุ้นเส้น,ส่วนผสมน้ำยำ,น้ำปลา,2 ช้อนโต๊ะ
ยำวุ้นเส้น,ส่วนผสมน้ำยำ,น้ำกระเทียมดอง,1 ช้อนโต๊ะ
ยำวุ้นเส้น,ส่วนผสมน้ำยำ,น้ำตาลทราย,1/2 ช้อนโต๊ะ
ยำวุ้นเส้น,วิธีทำ,"ลวกวุ้นเส้นและเนื้อสัตว์: ลวกกุ้ง ปลาหมึก หมูสับ ให้สุก ลวกวุ้นเส้นให้นุ่มแล้วแช่น้ำเย็นจัด สะเด็ดน้ำพักไว้",-
ยำวุ้นเส้น,วิธีทำ,"ปรุงรสน้ำยำ: ผสมน้ำมะนาว น้ำปลา น้ำตาลทราย และน้ำกระเทียมดอง คนให้เข้ากัน ใส่พริกขี้หนูซอย ชิมรสตามชอบ",-
ยำวุ้นเส้น,วิธีทำ,"คลุกเคล้า: ใส่หมูสับ กุ้ง ปลาหมึก และวุ้นเส้นในชามน้ำยำ ตามด้วยหอมหัวใหญ่ มะเขือเทศ ต้นหอม ขึ้นฉ่าย คลุกเคล้าเบาๆ เสิร์ฟ",-
ยำหมูยอ,ส่วนผสม,หมูยอหนังหมู,1 อัน
ยำหมูยอ,ส่วนผสม,หัวหอมแดง,2 หัว
ยำหมูยอ,ส่วนผสม,แครอท,1 ถ้วย
ยำหมูยอ,ส่วนผสม,ขึ้นฉ่าย,1 ถ้วย
ยำหมูยอ,ส่วนผสม,พริกขี้หนู,15 เม็ด
ยำหมูยอ,ส่วนผสม,น้ำปลา,ตามชอบ
ยำหมูยอ,ส่วนผสม,น้ำมะนาว,ตามชอบ
ยำหมูยอ,ส่วนผสม,น้ำตาลปี๊บ,ตามชอบ
ยำหมูยอ,ส่วนผสม,ผงชูรส,เล็กน้อย
ยำหมูยอ,วิธีทำ,"1. หั่นหมูยอเป็นชิ้นๆ",-
ยำหมูยอ,วิธีทำ,"2. ตั้งน้ำไฟกลาง รอน้ำเดือด นำหมูยอลงไปลวก",-
ยำหมูยอ,วิธีทำ,"3. นำน้ำตาลปี๊บละลายกับน้ำปลา และน้ำมะนาว คนให้เข้ากัน เติมผงชูรสเล็กน้อย ชิมรสตามชอบ",-
ยำหมูยอ,วิธีทำ,"4. เติมพริกขี้หนู คนให้เข้ากัน ชิมรสตามชอบ",-
ยำหมูยอ,วิธีทำ,"5. ตามด้วยแครอท และหัวหอมแดง",-
ยำหมูยอ,วิธีทำ,"6. ตามด้วยหมูยอ และขึ้นฉ่าย คลุกเคล้าให้เข้ากัน",-
แสร้งว่ากุ้ง,วัตถุดิบ,กุ้งสดเผาพอสุก หั่นเป็นชิ้น (Shrimp),1 ถ้วยตวง
แสร้งว่ากุ้ง,วัตถุดิบ,หอมแดงซอยบาง (Shallots),6 หัว
แสร้งว่ากุ้ง,วัตถุดิบ,ตะไคร้หั่นฝอย (Lemongrass),2 ต้น
แสร้งว่ากุ้ง,วัตถุดิบ,ขิงสดหั่นฝอย (Ginger),1 แง่ง
แสร้งว่ากุ้ง,วัตถุดิบ,ต้นหอมซอย (Spring onion),1 ต้น
แสร้งว่ากุ้ง,วัตถุดิบ,ใบมะกรูดซอย (Kaffir lime leaves),2 ใบ
แสร้งว่ากุ้ง,วัตถุดิบ,ผักชีเด็ดใบ (Coriander),1 ต้น
แสร้งว่ากุ้ง,วัตถุดิบ,น้ำมะนาว (Lime juice),1 ช้อนโต๊ะ
แสร้งว่ากุ้ง,วัตถุดิบ,น้ำปลา (Fish sauce),2 ช้อนโต๊ะ
แสร้งว่ากุ้ง,วัตถุดิบ,น้ำตาลทราย (Sugar),2 ช้อนโต๊ะ
แสร้งว่ากุ้ง,วัตถุดิบ,พริกขี้หนูซอยบาง (Red chili),5 เม็ด
แสร้งว่ากุ้ง,วัตถุดิบ,มะขามเปียก (Tamarind juice),1 ช้อนโต๊ะ
แสร้งว่ากุ้ง,วิธีทำ,"1. เทน้ำตาลทราย น้ำปลา มะขามเปียก และน้ำมะนาวลงในชามผสม คนให้เข้ากัน",-
แสร้งว่ากุ้ง,วิธีทำ,"2. ตามด้วยกุ้งสดเผา หอมแดง ตะไคร้ ขิง พริก ต้นหอมและผักชี คลุกเคล้าให้เข้ากัน",-
แสร้งว่ากุ้ง,วิธีทำ,"3. ตักขึ้นจัดเสิร์ฟกับผักเคียงตามชอบ",-
ยำแซ่บปลาหมึกยัดไส้,วัตถุดิบปลาหมึกยัดไส้,ปลาหมึกกล้วยขนาดกลาง,600 กรัม
ยำแซ่บปลาหมึกยัดไส้,วัตถุดิบปลาหมึกยัดไส้,หมูสับ,300 กรัม
ยำแซ่บปลาหมึกยัดไส้,วัตถุดิบปลาหมึกยัดไส้,รากผักชี,2-3 ราก
ยำแซ่บปลาหมึกยัดไส้,วัตถุดิบปลาหมึกยัดไส้,กระเทียม,4-5 กลีบ
ยำแซ่บปลาหมึกยัดไส้,วัตถุดิบปลาหมึกยัดไส้,พริกไทยขาว,12 เม็ด
ยำแซ่บปลาหมึกยัดไส้,วัตถุดิบปลาหมึกยัดไส้,เกลือ,เล็กน้อย
ยำแซ่บปลาหมึกยัดไส้,วัตถุดิบปลาหมึกยัดไส้,น้ำมันหอย,2 ช้อนโต๊ะ
ยำแซ่บปลาหมึกยัดไส้,วัตถุดิบปลาหมึกยัดไส้,ซีอิ๊วขาว,2 ช้อนโต๊ะ
ยำแซ่บปลาหมึกยัดไส้,ส่วนผสมสำหรับน้ำยำ,กระเทียม,6-7 กลีบ
ยำแซ่บปลาหมึกยัดไส้,ส่วนผสมสำหรับน้ำยำ,พริกขี้หนู,15 เม็ด
ยำแซ่บปลาหมึกยัดไส้,ส่วนผสมสำหรับน้ำยำ,มะนาว,3-4 ลูก
ยำแซ่บปลาหมึกยัดไส้,ส่วนผสมสำหรับน้ำยำ,น้ำปลา,3 ช้อนโต๊ะ
ยำแซ่บปลาหมึกยัดไส้,ส่วนผสมสำหรับน้ำยำ,น้ำตาลทราย,1 ช้อนโต๊ะ
ยำแซ่บปลาหมึกยัดไส้,ส่วนผสมสำหรับน้ำยำ,ต้นหอม,ตามชอบ
ยำแซ่บปลาหมึกยัดไส้,ส่วนผสมสำหรับน้ำยำ,ผักชี,ตามชอบ
ยำแซ่บปลาหมึกยัดไส้,วิธีทำ,"1. หมักหมู: โขลกรากผักชี กระเทียม พริกไทย ผสมหมูสับ ปรุงรสด้วยซีอิ๊วขาว น้ำมันหอย เกลือ หมักในตู้เย็น 15-20 นาที",-
ยำแซ่บปลาหมึกยัดไส้,วิธีทำ,"2. ยัดไส้: ล้างปลาหมึก ยัดส่วนผสมให้แน่น กลัดด้วยไม้จิ้มฟัน",-
ยำแซ่บปลาหมึกยัดไส้,วิธีทำ,"3. นึ่ง: ตั้งน้ำเดือด นึ่งปลาหมึก 10 นาที พอด้านนอกเริ่มสุกนำมาบั้ง แล้วนึ่งต่ออีก 5-10 นาที",-
ยำแซ่บปลาหมึกยัดไส้,วิธีทำ,"4. ทำน้ำยำ: ผสมมะนาว น้ำปลา กระเทียม พริกขี้หนู น้ำตาลทราย ราดบนตัวปลาหมึก นึ่งต่อจนสุก โรยต้นหอม ผักชี",-
22,ข้าวหมกไก่,"ไก่ 1 ชิ้น, ข้าว 3 ถ้วย, น้ำ, อบเชยป่น 1/2 ช้อนชา, กานพลูบด 1/2 ช้อนชา, ลูกผักชีบด 1 ช้อนชา, ลูกกระวานบด 1/2 ช้อนชา, ใบกระวาน 5 ใบ, เกลือ 1/2 ช้อนโต๊ะ, ยี่หร่าบด 1 ช้อนชา, ขมิ้น 1 ช้อนโต๊ะ, นม 1/3 ถ้วยตวง, เนยละลาย 2 ช้อนโต๊ะ, ลูกกระวาน 5 ลูก, ขิงแก่ 3 แว่น, กระเทียม 3-4 กลีบ, หอมแดง 3 หัว, หอมแดงซอย","1. เตรียมเครื่องเทศ: นำอบเชย กานพลู ลูกผักชี ลูกกระวาน ใบกระวาน ยี่หร่า ขมิ้น กระเทียม หอมแดง ขิง โขลกหรือปั่นให้เข้ากัน 2. หมักไก่: นำเครื่องเทศที่ผสมไว้มาหมักกับชิ้นไก่ เติมนมและเนยละลาย หมักทิ้งไว้ 3. หุงข้าว: นำข้าวสารล้างน้ำใส่หม้อหุงข้าว เติมน้ำตามสัดส่วนปกติ วางชิ้นไก่ที่หมักไว้ลงบนข้าว 4. หุงจนสุกตักเสิร์ฟพร้อมหอมเจียว"
